trial,selected,consumed_bits,decoded_bits,expected_bits,decode_ok,keyed_order
0,a3,0,,,True,a3 a6 a7 a1 a4 a2 a0 a5
1,a2,1,1,1,True,a3 a4 a5 a0 a2 a7 a1 a6
2,a2,1,1,1,True,a4 a2 a0 a3 a5 a1 a6 a7
3,a5,1,0,0,True,a3 a4 a1 a6 a5 a0 a2 a7
4,a7,1,0,0,True,a1 a7 a3 a0 a2 a6 a5 a4
5,a4,1,1,1,True,a5 a4 a7 a0 a2 a6 a1 a3
6,a6,1,1,1,True,a4 a6 a2 a1 a5 a3 a0 a7
7,a7,1,0,0,True,a0 a5 a7 a3 a2 a6 a4 a1
8,a7,2,11,11,True,a2 a6 a3 a1 a4 a5 a7 a0
9,a7,1,1,1,True,a1 a7 a0 a3 a4 a2 a5 a6
10,a7,2,00,00,True,a1 a6 a0 a7 a3 a2 a4 a5
11,a3,2,11,11,True,a6 a2 a0 a3 a1 a4 a7 a5
12,a1,2,01,01,True,a3 a7 a6 a4 a0 a5 a1 a2
13,a0,1,1,1,True,a1 a2 a6 a5 a0 a4 a7 a3
14,a2,2,10,10,True,a1 a5 a7 a6 a4 a2 a3 a0
15,a2,2,01,01,True,a7 a5 a4 a0 a6 a2 a3 a1
16,a0,2,10,10,True,a4 a5 a1 a0 a7 a3 a6 a2
17,a7,2,11,11,True,a3 a4 a2 a5 a6 a7 a1 a0
18,a7,1,1,1,True,a6 a3 a7 a1 a0 a2 a5 a4
19,a2,2,00,00,True,a7 a1 a5 a0 a3 a2 a6 a4
20,a3,1,1,1,True,a1 a6 a3 a7 a0 a4 a2 a5
21,a5,1,1,1,True,a2 a5 a3 a6 a7 a0 a4 a1
22,a0,2,01,01,True,a6 a4 a5 a3 a1 a2 a0 a7
23,a0,3,110,110,True,a6 a2 a4 a7 a5 a1 a3 a0
24,a5,1,0,0,True,a1 a2 a7 a3 a5 a6 a0 a4
25,a5,1,1,1,True,a2 a5 a7 a4 a0 a1 a6 a3
26,a0,2,10,10,True,a5 a1 a7 a3 a2 a0 a6 a4
27,a7,1,1,1,True,a2 a6 a3 a4 a7 a0 a5 a1
28,a6,2,11,11,True,a0 a7 a5 a1 a2 a3 a6 a4
29,a7,2,00,00,True,a4 a1 a6 a0 a5 a2 a7 a3
30,a1,3,110,110,True,a2 a7 a0 a5 a6 a4 a3 a1
31,a5,2,11,11,True,a0 a2 a6 a7 a3 a5 a4 a1
32,a0,3,100,100,True,a2 a5 a4 a3 a1 a7 a6 a0
33,a7,0,,,True,a7 a6 a3 a2 a4 a5 a0 a1
34,a5,2,11,11,True,a2 a1 a0 a3 a7 a4 a5 a6
35,a6,1,0,0,True,a4 a7 a6 a2 a5 a1 a0 a3
36,a2,1,1,1,True,a4 a6 a2 a7 a1 a3 a0 a5
37,a1,1,1,1,True,a2 a3 a7 a4 a1 a6 a5 a0
38,a4,2,10,10,True,a6 a2 a7 a0 a5 a1 a4 a3
39,a2,0,,,True,a2 a4 a6 a3 a5 a1 a7 a0
40,a1,2,01,01,True,a3 a4 a7 a0 a5 a1 a2 a6
41,a2,0,,,True,a2 a0 a5 a7 a3 a4 a6 a1
42,a4,3,101,101,True,a2 a5 a3 a1 a0 a6 a7 a4
43,a5,2,11,11,True,a3 a1 a4 a6 a0 a2 a5 a7
44,a6,2,00,00,True,a5 a7 a3 a6 a2 a0 a4 a1
45,a4,1,1,1,True,a0 a5 a1 a2 a4 a6 a7 a3
46,a7,2,10,10,True,a2 a0 a6 a1 a3 a4 a7 a5
47,a4,3,111,111,True,a1 a3 a0 a7 a5 a6 a2 a4
48,a5,3,001,001,True,a3 a2 a0 a7 a6 a1 a4 a5
49,a6,3,101,101,True,a2 a1 a5 a0 a4 a7 a3 a6
50,a2,1,1,1,True,a3 a5 a2 a6 a7 a4 a1 a0
51,a5,3,100,100,True,a3 a7 a6 a2 a0 a4 a1 a5
52,a1,1,1,1,True,a0 a2 a7 a5 a1 a6 a3 a4
53,a4,1,1,1,True,a1 a5 a2 a0 a4 a7 a3 a6
54,a7,2,01,01,True,a0 a1 a3 a5 a6 a2 a7 a4
55,a5,2,11,11,True,a1 a4 a6 a5 a0 a3 a2 a7
56,a2,3,001,001,True,a1 a7 a6 a3 a0 a4 a5 a2
57,a5,3,101,101,True,a7 a2 a0 a1 a6 a4 a3 a5
58,a3,3,110,110,True,a2 a6 a1 a7 a4 a0 a5 a3
59,a4,0,,,True,a4 a3 a5 a0 a7 a1 a6 a2
60,a7,1,0,0,True,a2 a7 a1 a3 a4 a5 a6 a0
61,a3,2,11,11,True,a2 a1 a6 a7 a4 a3 a0 a5
62,a2,0,,,True,a2 a0 a7 a3 a1 a6 a4 a5
63,a0,1,0,0,True,a1 a7 a0 a5 a2 a3 a6 a4
64,a1,1,1,1,True,a7 a3 a1 a6 a0 a2 a4 a5
65,a4,2,11,11,True,a5 a0 a2 a3 a6 a1 a4 a7
66,a1,1,0,0,True,a3 a1 a2 a7 a0 a4 a6 a5
67,a6,1,0,0,True,a5 a2 a3 a1 a6 a0 a4 a7
68,a3,3,110,110,True,a1 a4 a0 a6 a2 a5 a7 a3
69,a4,1,1,1,True,a1 a0 a5 a6 a4 a3 a7 a2
70,a0,1,1,1,True,a2 a5 a4 a7 a0 a1 a3 a6
71,a2,0,,,True,a2 a6 a1 a0 a5 a3 a4 a7
72,a7,2,10,10,True,a5 a0 a2 a7 a6 a3 a1 a4
73,a4,0,,,True,a4 a2 a6 a3 a5 a1 a7 a0
74,a3,2,01,01,True,a2 a6 a0 a3 a4 a7 a5 a1
75,a2,1,1,1,True,a3 a2 a1 a4 a0 a6 a5 a7
76,a6,0,,,True,a6 a7 a3 a4 a2 a1 a5 a0
77,a6,0,,,True,a6 a0 a4 a1 a7 a3 a2 a5
78,a7,1,0,0,True,a0 a1 a3 a6 a7 a4 a2 a5
79,a6,2,11,11,True,a0 a3 a4 a6 a1 a2 a5 a7
80,a6,2,10,10,True,a5 a1 a0 a2 a4 a3 a6 a7
81,a5,2,01,01,True,a1 a2 a0 a3 a6 a5 a7 a4
82,a5,2,10,10,True,a0 a3 a7 a1 a4 a6 a5 a2
83,a7,1,1,1,True,a1 a7 a2 a3 a0 a4 a5 a6
84,a0,1,1,1,True,a4 a1 a0 a2 a7 a3 a5 a6
85,a0,1,1,1,True,a6 a7 a3 a1 a0 a2 a4 a5
86,a4,1,0,0,True,a2 a5 a1 a7 a4 a3 a6 a0
87,a6,3,011,011,True,a7 a1 a3 a5 a2 a0 a4 a6
88,a3,1,0,0,True,a7 a6 a3 a4 a5 a0 a2 a1
89,a3,2,11,11,True,a0 a6 a1 a5 a4 a3 a7 a2
90,a1,0,,,True,a1 a0 a5 a2 a6 a4 a3 a7
91,a1,1,1,1,True,a2 a1 a3 a5 a4 a0 a6 a7
92,a3,2,00,00,True,a0 a2 a6 a3 a4 a5 a1 a7
93,a2,2,11,11,True,a7 a5 a1 a2 a3 a0 a6 a4
94,a6,1,0,0,True,a5 a6 a2 a7 a4 a0 a1 a3
95,a0,2,11,11,True,a1 a4 a2 a0 a5 a3 a7 a6
96,a4,2,10,10,True,a2 a7 a5 a3 a0 a4 a1 a6
97,a5,1,0,0,True,a4 a0 a2 a3 a5 a6 a7 a1
98,a7,3,110,110,True,a0 a3 a6 a5 a2 a1 a4 a7
99,a7,1,1,1,True,a4 a5 a2 a1 a7 a6 a0 a3
100,a7,2,11,11,True,a3 a5 a6 a7 a4 a0 a1 a2
101,a4,1,0,0,True,a0 a4 a7 a3 a2 a5 a6 a1
102,a6,2,01,01,True,a2 a1 a5 a0 a4 a6 a3 a7
103,a2,0,,,True,a2 a6 a7 a0 a1 a5 a3 a4
104,a1,0,,,True,a1 a3 a6 a0 a7 a2 a4 a5
105,a2,0,,,True,a2 a6 a5 a4 a0 a7 a1 a3
106,a0,1,1,1,True,a1 a3 a6 a5 a0 a4 a7 a2
107,a7,3,011,011,True,a1 a6 a3 a2 a4 a5 a0 a7
108,a3,0,,,True,a3 a1 a2 a7 a0 a5 a6 a4
109,a5,2,10,10,True,a7 a0 a6 a1 a2 a5 a3 a4
110,a2,2,01,01,True,a7 a0 a6 a3 a4 a1 a2 a5
111,a2,3,101,101,True,a5 a7 a6 a0 a4 a3 a1 a2
112,a3,2,11,11,True,a1 a7 a6 a3 a5 a2 a0 a4
113,a2,0,,,True,a2 a5 a3 a7 a0 a4 a6 a1
114,a5,1,0,0,True,a3 a5 a6 a0 a4 a1 a2 a7
115,a6,0,,,True,a6 a3 a7 a1 a4 a2 a0 a5
116,a1,1,0,0,True,a2 a6 a7 a4 a1 a0 a5 a3
117,a3,3,110,110,True,a4 a0 a2 a1 a7 a6 a5 a3
118,a4,2,11,11,True,a3 a1 a0 a7 a6 a2 a4 a5
119,a7,1,1,1,True,a1 a4 a7 a3 a2 a5 a0 a6
120,a1,0,,,True,a1 a2 a4 a3 a6 a0 a5 a7
121,a3,0,,,True,a3 a4 a6 a0 a5 a7 a1 a2
122,a6,0,,,True,a6 a3 a4 a7 a2 a0 a1 a5
123,a6,2,00,00,True,a1 a5 a2 a7 a0 a6 a3 a4
124,a5,3,110,110,True,a3 a6 a4 a0 a1 a7 a2 a5
125,a0,2,11,11,True,a1 a5 a3 a0 a4 a7 a6 a2
126,a5,2,10,10,True,a0 a4 a1 a6 a2 a3 a5 a7
127,a4,1,0,0,True,a6 a5 a2 a1 a4 a7 a3 a0
128,a1,0,,,True,a1 a7 a3 a4 a2 a5 a0 a6
129,a4,2,11,11,True,a7 a2 a1 a6 a3 a5 a4 a0
130,a7,0,,,True,a7 a0 a6 a3 a5 a2 a4 a1
131,a6,2,01,01,True,a5 a1 a2 a0 a4 a6 a7 a3
132,a2,1,1,1,True,a5 a6 a3 a0 a2 a4 a1 a7
133,a0,1,1,1,True,a4 a1 a0 a5 a3 a7 a6 a2
134,a5,1,0,0,True,a1 a5 a6 a2 a0 a4 a7 a3
135,a7,2,01,01,True,a6 a0 a1 a7 a2 a3 a5 a4
136,a5,2,10,10,True,a2 a3 a6 a1 a7 a5 a4 a0
137,a6,1,1,1,True,a3 a4 a6 a5 a2 a1 a0 a7
138,a6,3,110,110,True,a7 a2 a1 a3 a5 a4 a0 a6
139,a7,2,01,01,True,a0 a4 a5 a2 a1 a3 a7 a6
140,a6,0,,,True,a6 a0 a2 a3 a4 a7 a1 a5
141,a6,2,10,10,True,a3 a7 a4 a0 a2 a5 a6 a1
142,a7,2,11,11,True,a1 a6 a5 a4 a0 a7 a3 a2
143,a1,2,10,10,True,a2 a7 a0 a3 a4 a1 a5 a6
144,a1,2,01,01,True,a0 a2 a6 a7 a3 a1 a4 a5
145,a4,1,1,1,True,a1 a0 a4 a3 a5 a6 a2 a7
146,a6,3,011,011,True,a0 a7 a1 a3 a5 a4 a2 a6
147,a2,3,100,100,True,a7 a5 a4 a6 a3 a0 a1 a2
148,a4,1,1,1,True,a5 a4 a1 a3 a6 a2 a7 a0
149,a2,1,1,1,True,a7 a0 a4 a5 a2 a6 a1 a3
150,a1,1,0,0,True,a3 a7 a1 a5 a6 a2 a0 a4
151,a6,2,11,11,True,a4 a5 a3 a6 a1 a0 a7 a2
152,a7,3,100,100,True,a4 a2 a5 a1 a6 a3 a0 a7
153,a2,1,1,1,True,a3 a2 a6 a4 a0 a1 a7 a5
154,a1,0,,,True,a1 a4 a3 a0 a7 a2 a6 a5
155,a0,0,,,True,a0 a3 a2 a1 a7 a6 a5 a4
156,a6,3,101,101,True,a0 a5 a3 a2 a1 a7 a4 a6
157,a5,0,,,True,a5 a3 a2 a4 a0 a7 a6 a1
158,a1,2,11,11,True,a2 a4 a3 a5 a7 a1 a6 a0
159,a2,2,00,00,True,a6 a1 a3 a4 a0 a2 a7 a5
160,a5,2,11,11,True,a3 a4 a6 a5 a2 a7 a0 a1
161,a2,2,01,01,True,a3 a6 a4 a2 a1 a5 a7 a0
162,a5,1,1,1,True,a7 a2 a1 a6 a5 a3 a0 a4
163,a0,1,1,1,True,a7 a1 a0 a4 a5 a6 a3 a2
164,a6,3,001,001,True,a5 a3 a7 a1 a4 a2 a0 a6
165,a4,1,1,1,True,a6 a4 a0 a7 a2 a3 a5 a1
166,a2,1,0,0,True,a0 a4 a6 a5 a2 a3 a7 a1
167,a7,1,1,1,True,a4 a6 a2 a1 a7 a3 a0 a5
168,a4,2,11,11,True,a2 a0 a7 a4 a3 a6 a1 a5
169,a0,2,00,00,True,a4 a5 a2 a1 a7 a0 a6 a3
170,a0,3,110,110,True,a2 a4 a1 a6 a3 a7 a5 a0
171,a1,2,11,11,True,a4 a3 a7 a2 a0 a1 a5 a6
172,a3,2,10,10,True,a2 a1 a7 a3 a5 a4 a0 a6
173,a1,2,01,01,True,a5 a3 a0 a1 a4 a2 a7 a6
174,a2,1,1,1,True,a5 a3 a2 a7 a1 a6 a4 a0
175,a6,2,01,01,True,a7 a0 a4 a2 a5 a6 a1 a3
176,a2,2,11,11,True,a4 a6 a7 a5 a3 a2 a0 a1
177,a2,0,,,True,a2 a7 a1 a5 a0 a4 a3 a6
178,a5,2,00,00,True,a7 a6 a3 a1 a0 a4 a5 a2
179,a1,1,1,1,True,a2 a0 a3 a4 a1 a5 a6 a7
180,a3,1,1,1,True,a0 a1 a2 a6 a3 a5 a4 a7
181,a0,2,01,01,True,a7 a1 a6 a3 a2 a0 a5 a4
182,a1,1,1,1,True,a7 a1 a0 a6 a5 a4 a3 a2
183,a4,1,1,1,True,a1 a4 a5 a0 a2 a3 a7 a6
184,a2,3,001,001,True,a7 a5 a1 a6 a3 a0 a4 a2
185,a1,1,1,1,True,a4 a7 a6 a5 a1 a2 a0 a3
186,a5,1,0,0,True,a6 a7 a5 a4 a1 a2 a3 a0
187,a5,3,111,111,True,a4 a1 a7 a0 a2 a3 a6 a5
188,a2,2,00,00,True,a4 a7 a3 a5 a0 a1 a2 a6
189,a2,2,11,11,True,a7 a0 a1 a2 a5 a4 a3 a6
190,a4,2,01,01,True,a1 a3 a0 a4 a5 a2 a6 a7
191,a4,1,1,1,True,a1 a5 a4 a6 a3 a0 a2 a7
192,a0,0,,,True,a0 a7 a4 a2 a3 a6 a5 a1
193,a7,2,10,10,True,a6 a2 a5 a7 a1 a4 a0 a3
194,a2,1,0,0,True,a5 a2 a3 a6 a0 a7 a4 a1
195,a2,1,1,1,True,a3 a2 a5 a4 a6 a1 a7 a0
196,a1,0,,,True,a1 a4 a6 a7 a3 a0 a2 a5
197,a6,0,,,True,a6 a2 a4 a0 a5 a3 a1 a7
198,a0,2,10,10,True,a3 a4 a2 a6 a5 a1 a0 a7
199,a0,2,11,11,True,a4 a5 a6 a3 a7 a0 a2 a1
200,a6,1,1,1,True,a2 a4 a7 a0 a6 a5 a1 a3
201,a5,0,,,True,a5 a6 a4 a2 a0 a1 a3 a7
202,a0,0,,,True,a0 a3 a1 a5 a4 a6 a7 a2
203,a6,0,,,True,a6 a2 a7 a0 a1 a3 a5 a4
204,a0,1,0,0,True,a7 a6 a3 a4 a0 a2 a5 a1
205,a7,1,0,0,True,a4 a6 a1 a0 a7 a3 a2 a5
206,a6,1,1,1,True,a1 a7 a0 a4 a6 a2 a5 a3
207,a7,2,10,10,True,a2 a3 a1 a0 a4 a5 a7 a6
208,a2,0,,,True,a2 a4 a1 a5 a6 a3 a7 a0
209,a7,1,1,1,True,a2 a1 a3 a0 a7 a5 a6 a4
210,a7,3,110,110,True,a0 a1 a3 a6 a5 a2 a4 a7
211,a5,0,,,True,a5 a0 a7 a3 a4 a1 a6 a2
212,a5,2,01,01,True,a0 a4 a7 a1 a3 a5 a6 a2
213,a5,1,1,1,True,a7 a5 a3 a6 a2 a4 a1 a0
214,a7,2,01,01,True,a0 a3 a1 a4 a5 a6 a7 a2
215,a1,2,11,11,True,a7 a6 a3 a5 a2 a1 a0 a4
216,a5,2,00,00,True,a6 a3 a0 a1 a7 a5 a2 a4
217,a5,3,110,110,True,a2 a0 a1 a7 a6 a4 a3 a5
218,a2,2,11,11,True,a6 a1 a3 a4 a5 a7 a2 a0
219,a7,3,100,100,True,a5 a1 a2 a6 a3 a4 a0 a7
220,a4,0,,,True,a4 a5 a7 a1 a6 a2 a0 a3
221,a2,1,1,1,True,a1 a3 a6 a5 a2 a4 a7 a0
222,a3,2,10,10,True,a7 a1 a4 a6 a5 a3 a0 a2
223,a0,3,111,111,True,a4 a6 a7 a5 a3 a1 a2 a0
224,a4,3,001,001,True,a7 a2 a5 a6 a3 a0 a1 a4
225,a1,0,,,True,a1 a4 a2 a3 a6 a0 a5 a7
226,a2,1,1,1,True,a1 a0 a5 a3 a2 a6 a4 a7
227,a1,2,01,01,True,a4 a0 a6 a5 a7 a1 a2 a3
228,a5,3,110,110,True,a4 a7 a0 a1 a2 a6 a3 a5
229,a6,3,011,011,True,a2 a3 a7 a1 a0 a5 a4 a6
230,a5,1,0,0,True,a0 a5 a7 a3 a4 a1 a2 a6
231,a4,1,1,1,True,a5 a3 a2 a7 a4 a0 a6 a1
232,a1,2,11,11,True,a7 a0 a4 a1 a3 a5 a2 a6
233,a6,2,00,00,True,a0 a1 a5 a7 a2 a6 a4 a3
234,a7,2,11,11,True,a4 a3 a2 a1 a5 a6 a7 a0
235,a3,2,01,01,True,a5 a2 a7 a0 a1 a3 a4 a6
236,a7,2,11,11,True,a1 a2 a6 a4 a3 a7 a5 a0
237,a5,1,0,0,True,a1 a0 a3 a6 a5 a4 a7 a2
238,a4,2,01,01,True,a1 a7 a3 a4 a5 a0 a2 a6
239,a5,1,1,1,True,a1 a2 a5 a3 a6 a7 a0 a4
240,a5,2,01,01,True,a4 a3 a0 a7 a2 a5 a6 a1
241,a2,3,110,110,True,a7 a1 a4 a5 a0 a6 a3 a2
242,a7,0,,,True,a7 a1 a3 a0 a2 a6 a4 a5
243,a5,1,0,0,True,a6 a2 a5 a4 a3 a0 a7 a1
244,a4,3,110,110,True,a0 a3 a2 a7 a1 a5 a6 a4
245,a1,1,1,1,True,a7 a2 a1 a4 a0 a6 a3 a5
246,a0,3,110,110,True,a5 a6 a1 a2 a4 a7 a3 a0
247,a4,2,01,01,True,a3 a7 a0 a1 a6 a2 a4 a5
248,a1,2,10,10,True,a5 a6 a3 a4 a0 a2 a1 a7
249,a5,1,1,1,True,a4 a5 a1 a7 a0 a6 a3 a2
250,a6,1,1,1,True,a0 a6 a5 a1 a3 a7 a4 a2
251,a6,1,1,1,True,a5 a6 a7 a3 a4 a0 a2 a1
252,a5,1,0,0,True,a6 a1 a5 a0 a7 a3 a4 a2
253,a2,3,011,011,True,a4 a7 a1 a6 a0 a3 a5 a2
254,a0,1,0,0,True,a5 a0 a3 a4 a7 a2 a6 a1
255,a3,2,11,11,True,a0 a1 a2 a5 a6 a4 a3 a7
256,a1,3,100,100,True,a7 a0 a5 a6 a2 a4 a3 a1
257,a4,2,11,11,True,a1 a5 a7 a2 a3 a4 a6 a0
258,a0,2,01,01,True,a7 a1 a4 a5 a2 a0 a3 a6
259,a6,2,11,11,True,a0 a3 a4 a6 a5 a1 a7 a2
260,a5,2,00,00,True,a7 a4 a6 a2 a1 a0 a5 a3
261,a3,2,11,11,True,a2 a4 a0 a3 a7 a1 a5 a6
262,a7,1,0,0,True,a3 a7 a0 a5 a6 a2 a4 a1
263,a2,1,1,1,True,a7 a6 a4 a1 a2 a3 a5 a0
264,a3,0,,,True,a3 a2 a1 a7 a4 a6 a0 a5
265,a7,2,11,11,True,a0 a2 a6 a7 a5 a1 a4 a3
266,a2,0,,,True,a2 a7 a3 a6 a0 a4 a5 a1
267,a1,2,00,00,True,a0 a7 a4 a5 a2 a6 a1 a3
268,a5,1,1,1,True,a7 a5 a3 a1 a2 a4 a6 a0
269,a6,1,1,1,True,a4 a0 a6 a3 a5 a2 a7 a1
270,a3,2,01,01,True,a1 a6 a5 a4 a7 a0 a3 a2
271,a1,1,1,1,True,a3 a0 a7 a6 a1 a5 a2 a4
272,a3,3,100,100,True,a2 a6 a5 a0 a7 a1 a4 a3
273,a7,3,110,110,True,a6 a1 a5 a0 a3 a4 a2 a7
274,a4,1,1,1,True,a7 a1 a4 a2 a3 a6 a5 a0
275,a3,2,11,11,True,a7 a1 a6 a3 a4 a5 a0 a2
276,a6,0,,,True,a6 a4 a3 a7 a1 a5 a0 a2
277,a0,2,00,00,True,a7 a4 a3 a1 a5 a0 a6 a2
278,a4,1,1,1,True,a0 a3 a6 a2 a4 a5 a1 a7
279,a2,1,1,1,True,a0 a2 a7 a6 a4 a1 a3 a5
280,a7,1,0,0,True,a1 a4 a7 a0 a6 a3 a2 a5
281,a4,2,11,11,True,a5 a2 a6 a0 a1 a4 a3 a7
282,a2,1,1,1,True,a5 a2 a3 a4 a7 a6 a1 a0
283,a2,2,00,00,True,a4 a6 a1 a7 a5 a0 a2 a3
284,a0,3,110,110,True,a2 a7 a1 a6 a3 a4 a5 a0
285,a4,0,,,True,a4 a7 a1 a6 a0 a2 a5 a3
286,a2,2,11,11,True,a1 a7 a5 a6 a3 a0 a2 a4
287,a5,2,10,10,True,a7 a3 a4 a2 a0 a1 a5 a6
288,a3,3,011,011,True,a6 a4 a0 a2 a1 a7 a5 a3
289,a0,1,0,0,True,a2 a5 a0 a3 a1 a6 a4 a7
290,a1,1,1,1,True,a3 a6 a1 a7 a0 a4 a5 a2
291,a6,1,1,1,True,a4 a2 a6 a0 a1 a5 a3 a7
292,a5,3,100,100,True,a1 a0 a2 a3 a6 a4 a7 a5
293,a7,0,,,True,a7 a4 a3 a2 a6 a1 a5 a0
294,a4,2,11,11,True,a6 a2 a7 a0 a3 a4 a1 a5
295,a1,1,0,0,True,a2 a5 a0 a4 a1 a7 a3 a6
296,a1,3,111,111,True,a3 a4 a2 a0 a7 a5 a6 a1
297,a0,1,0,0,True,a1 a0 a5 a4 a3 a2 a6 a7
298,a0,2,01,01,True,a6 a4 a7 a0 a5 a3 a1 a2
299,a3,1,1,1,True,a2 a4 a5 a0 a3 a7 a1 a6
300,a0,3,011,011,True,a6 a3 a7 a1 a4 a5 a2 a0
301,a1,1,1,1,True,a5 a7 a1 a2 a3 a4 a6 a0
302,a3,0,,,True,a3 a5 a1 a0 a2 a4 a7 a6
303,a3,2,00,00,True,a1 a4 a6 a0 a5 a7 a3 a2
304,a3,3,110,110,True,a6 a1 a4 a5 a2 a0 a7 a3
305,a7,1,1,1,True,a0 a7 a3 a4 a5 a2 a1 a6
306,a7,1,1,1,True,a5 a7 a3 a4 a1 a6 a2 a0
307,a6,2,10,10,True,a7 a5 a2 a3 a4 a1 a6 a0
308,a6,1,0,0,True,a3 a4 a5 a1 a6 a2 a0 a7
309,a7,1,1,1,True,a2 a6 a7 a1 a0 a5 a4 a3
310,a6,1,1,1,True,a0 a1 a6 a2 a5 a4 a7 a3
311,a4,1,0,0,True,a7 a6 a4 a0 a2 a3 a5 a1
312,a6,3,111,111,True,a0 a4 a3 a7 a5 a1 a2 a6
313,a5,1,0,0,True,a7 a5 a2 a1 a3 a4 a0 a6
314,a1,3,011,011,True,a2 a4 a3 a7 a0 a5 a6 a1
315,a6,1,0,0,True,a4 a3 a6 a1 a2 a5 a7 a0
316,a3,2,11,11,True,a5 a4 a6 a3 a1 a2 a7 a0
317,a3,0,,,True,a3 a7 a5 a6 a4 a0 a2 a1
318,a2,3,100,100,True,a1 a0 a5 a7 a4 a3 a6 a2
319,a7,2,11,11,True,a3 a5 a6 a7 a4 a1 a0 a2
320,a6,1,0,0,True,a7 a0 a6 a2 a4 a1 a3 a5
321,a0,1,1,1,True,a7 a0 a6 a2 a1 a3 a4 a5
322,a3,2,11,11,True,a2 a6 a5 a3 a7 a0 a4 a1
323,a0,2,00,00,True,a4 a3 a6 a0 a5 a2 a1 a7
324,a6,2,11,11,True,a5 a0 a4 a2 a7 a6 a3 a1
325,a0,2,01,01,True,a7 a2 a5 a0 a1 a4 a6 a3
326,a4,1,1,1,True,a0 a5 a7 a2 a4 a3 a6 a1
327,a3,2,11,11,True,a0 a2 a5 a3 a1 a6 a7 a4
328,a7,1,0,0,True,a0 a2 a7 a5 a3 a6 a1 a4
329,a3,3,011,011,True,a5 a1 a6 a0 a4 a7 a2 a3
330,a1,1,0,0,True,a7 a1 a4 a6 a5 a2 a3 a0
331,a5,2,11,11,True,a4 a7 a1 a5 a0 a2 a6 a3
332,a3,1,1,1,True,a5 a3 a2 a1 a4 a6 a7 a0
333,a3,2,00,00,True,a1 a2 a0 a6 a4 a7 a3 a5
334,a2,0,,,True,a2 a3 a7 a6 a4 a5 a1 a0
335,a1,2,11,11,True,a0 a7 a4 a6 a3 a1 a5 a2
336,a1,2,01,01,True,a3 a7 a4 a2 a5 a6 a1 a0
337,a0,1,1,1,True,a1 a0 a7 a6 a3 a4 a2 a5
338,a7,1,1,1,True,a1 a7 a0 a3 a5 a2 a4 a6
339,a6,2,00,00,True,a5 a4 a0 a7 a1 a6 a3 a2
340,a4,1,1,1,True,a7 a0 a4 a3 a2 a5 a1 a6
341,a0,1,1,1,True,a2 a6 a3 a4 a0 a5 a7 a1
342,a1,3,011,011,True,a4 a5 a2 a0 a3 a6 a7 a1
343,a6,1,1,1,True,a0 a6 a2 a3 a1 a7 a5 a4
344,a3,2,00,00,True,a1 a7 a6 a5 a4 a3 a2 a0
345,a0,0,,,True,a0 a6 a7 a1 a2 a3 a5 a4
346,a0,1,1,1,True,a3 a0 a2 a1 a6 a5 a4 a7
347,a1,2,10,10,True,a6 a5 a7 a0 a3 a2 a1 a4
348,a6,2,11,11,True,a2 a0 a4 a1 a5 a3 a6 a7
349,a1,2,10,10,True,a4 a7 a3 a5 a0 a2 a1 a6
350,a0,3,011,011,True,a1 a5 a3 a7 a4 a6 a2 a0
351,a3,2,01,01,True,a7 a0 a4 a6 a2 a3 a5 a1
352,a4,0,,,True,a4 a5 a6 a7 a2 a3 a0 a1
353,a0,3,110,110,True,a4 a2 a5 a6 a7 a3 a1 a0
354,a5,3,011,011,True,a4 a0 a2 a1 a6 a3 a7 a5
355,a0,3,011,011,True,a4 a3 a2 a6 a5 a7 a1 a0
356,a4,1,1,1,True,a2 a3 a0 a5 a4 a6 a7 a1
357,a3,1,0,0,True,a5 a3 a6 a0 a2 a7 a1 a4
358,a6,2,01,01,True,a7 a3 a4 a5 a2 a1 a6 a0
359,a0,3,101,101,True,a1 a4 a3 a7 a6 a5 a2 a0
360,a5,1,1,1,True,a7 a3 a0 a1 a5 a2 a6 a4
361,a7,1,1,1,True,a4 a5 a3 a0 a7 a6 a1 a2
362,a6,2,00,00,True,a5 a7 a4 a6 a0 a1 a2 a3
363,a1,3,110,110,True,a2 a0 a7 a3 a5 a6 a4 a1
364,a0,2,11,11,True,a2 a7 a6 a5 a3 a4 a0 a1
365,a3,3,100,100,True,a2 a4 a7 a6 a1 a5 a0 a3
366,a6,0,,,True,a6 a7 a0 a5 a4 a2 a3 a1
367,a1,2,11,11,True,a5 a0 a6 a3 a4 a1 a7 a2
368,a7,2,01,01,True,a6 a0 a2 a1 a4 a7 a3 a5
369,a2,2,11,11,True,a1 a3 a0 a2 a5 a4 a6 a7
370,a6,1,0,0,True,a3 a7 a6 a2 a1 a5 a0 a4
371,a2,2,01,01,True,a3 a5 a6 a4 a0 a7 a2 a1
372,a6,3,101,101,True,a3 a5 a4 a0 a2 a7 a1 a6
373,a7,2,11,11,True,a1 a3 a4 a0 a5 a7 a6 a2
374,a4,1,0,0,True,a0 a4 a5 a2 a3 a7 a6 a1
375,a6,2,01,01,True,a2 a5 a0 a3 a7 a4 a6 a1
376,a5,2,10,10,True,a4 a0 a6 a2 a3 a1 a5 a7
377,a6,1,1,1,True,a4 a6 a5 a7 a1 a2 a0 a3
378,a4,1,1,1,True,a5 a2 a4 a1 a3 a6 a0 a7
379,a3,2,10,10,True,a4 a6 a2 a3 a1 a7 a5 a0
380,a6,2,01,01,True,a3 a1 a5 a7 a2 a0 a6 a4
381,a2,2,10,10,True,a5 a6 a0 a2 a3 a1 a7 a4
382,a0,2,11,11,True,a7 a6 a4 a5 a1 a3 a0 a2
383,a2,0,,,True,a2 a4 a1 a7 a3 a6 a5 a0
384,a7,3,100,100,True,a2 a5 a3 a6 a0 a4 a1 a7
385,a5,2,11,11,True,a6 a7 a0 a1 a2 a5 a4 a3
386,a4,0,,,True,a4 a5 a3 a0 a6 a2 a7 a1
387,a0,1,0,0,True,a1 a7 a0 a5 a2 a6 a3 a4
388,a5,2,11,11,True,a2 a1 a7 a3 a6 a4 a5 a0
389,a1,2,10,10,True,a7 a5 a3 a1 a6 a4 a0 a2
390,a0,1,0,0,True,a6 a1 a0 a3 a5 a7 a2 a4
391,a2,0,,,True,a2 a4 a5 a1 a6 a7 a3 a0
392,a0,1,1,1,True,a2 a6 a4 a7 a0 a1 a5 a3
393,a4,2,10,10,True,a1 a2 a3 a4 a7 a0 a5 a6
394,a4,0,,,True,a4 a6 a1 a3 a5 a7 a0 a2
395,a6,2,11,11,True,a2 a0 a1 a3 a4 a5 a6 a7
396,a5,2,10,10,True,a6 a4 a3 a0 a7 a5 a1 a2
397,a1,1,0,0,True,a0 a3 a7 a2 a1 a4 a6 a5
398,a7,1,1,1,True,a4 a7 a5 a6 a3 a0 a2 a1
399,a1,1,1,1,True,a2 a6 a1 a5 a0 a3 a7 a4
400,a6,2,01,01,True,a0 a2 a5 a3 a4 a7 a6 a1
401,a1,1,1,1,True,a7 a1 a3 a6 a5 a2 a0 a4
402,a1,3,100,100,True,a4 a7 a3 a5 a6 a2 a0 a1
403,a0,0,,,True,a0 a5 a3 a1 a6 a4 a7 a2
404,a5,1,1,1,True,a6 a7 a5 a2 a0 a1 a4 a3
405,a3,3,101,101,True,a4 a7 a6 a5 a1 a2 a0 a3
406,a7,2,11,11,True,a1 a5 a0 a3 a2 a7 a6 a4
407,a7,2,00,00,True,a3 a4 a2 a0 a6 a5 a7 a1
408,a0,1,1,1,True,a1 a2 a6 a4 a0 a7 a5 a3
409,a6,1,1,1,True,a3 a6 a4 a7 a0 a1 a2 a5
410,a1,1,0,0,True,a0 a5 a3 a6 a1 a7 a2 a4
411,a4,1,1,1,True,a0 a7 a2 a5 a4 a6 a3 a1
412,a7,3,110,110,True,a1 a3 a0 a5 a2 a4 a6 a7
413,a7,2,01,01,True,a0 a6 a5 a7 a3 a2 a4 a1
414,a7,2,10,10,True,a6 a0 a3 a4 a1 a7 a2 a5
415,a1,1,1,1,True,a5 a4 a7 a3 a1 a2 a6 a0
416,a7,0,,,True,a7 a1 a6 a4 a2 a5 a3 a0
417,a4,1,1,1,True,a7 a5 a0 a6 a4 a2 a1 a3
418,a4,2,10,10,True,a5 a2 a7 a0 a6 a1 a4 a3
419,a7,1,0,0,True,a0 a3 a5 a6 a7 a2 a4 a1
420,a1,1,1,1,True,a3 a1 a7 a0 a2 a6 a4 a5
421,a5,1,1,1,True,a4 a5 a6 a1 a7 a2 a0 a3
422,a4,1,0,0,True,a7 a2 a0 a6 a4 a5 a3 a1
423,a3,1,1,1,True,a2 a3 a6 a0 a1 a7 a5 a4
424,a5,1,1,1,True,a0 a6 a4 a3 a5 a7 a2 a1
425,a2,2,10,10,True,a7 a6 a3 a0 a1 a5 a2 a4
426,a6,2,01,01,True,a7 a2 a1 a4 a5 a3 a6 a0
427,a5,2,10,10,True,a1 a7 a3 a0 a2 a5 a6 a4
428,a2,1,1,1,True,a3 a7 a2 a6 a0 a4 a1 a5
429,a7,1,1,1,True,a4 a7 a5 a1 a3 a0 a6 a2
430,a6,2,10,10,True,a2 a7 a3 a0 a4 a1 a6 a5
431,a5,2,01,01,True,a0 a7 a1 a5 a6 a3 a4 a2
432,a4,2,10,10,True,a0 a6 a5 a4 a7 a3 a1 a2
433,a4,1,1,1,True,a5 a4 a3 a6 a7 a1 a0 a2
434,a6,3,110,110,True,a2 a5 a7 a0 a4 a3 a1 a6
435,a0,2,01,01,True,a5 a6 a4 a7 a1 a0 a3 a2
436,a3,1,1,1,True,a6 a2 a1 a5 a3 a0 a4 a7
437,a4,2,01,01,True,a1 a5 a6 a4 a2 a3 a0 a7
438,a3,0,,,True,a3 a7 a1 a0 a2 a5 a4 a6
439,a0,2,11,11,True,a1 a7 a4 a0 a5 a6 a2 a3
440,a4,0,,,True,a4 a6 a5 a7 a0 a1 a2 a3
441,a6,3,001,001,True,a0 a4 a3 a2 a1 a7 a5 a6
442,a5,2,10,10,True,a2 a7 a1 a5 a0 a4 a6 a3
443,a5,1,1,1,True,a3 a5 a0 a4 a7 a1 a2 a6
444,a3,3,110,110,True,a7 a6 a4 a1 a5 a2 a0 a3
445,a4,3,011,011,True,a7 a6 a0 a1 a5 a2 a3 a4
446,a1,2,01,01,True,a2 a3 a0 a6 a5 a1 a7 a4
447,a1,0,,,True,a1 a3 a6 a2 a4 a0 a7 a5
448,a0,3,110,110,True,a3 a4 a2 a1 a5 a6 a7 a0
449,a6,1,0,0,True,a0 a6 a1 a2 a3 a7 a5 a4
450,a0,2,11,11,True,a3 a6 a2 a4 a1 a7 a0 a5
451,a5,2,01,01,True,a2 a3 a1 a7 a4 a0 a5 a6
452,a3,2,11,11,True,a6 a0 a7 a5 a4 a2 a3 a1
453,a7,2,00,00,True,a5 a4 a3 a7 a2 a1 a6 a0
454,a0,2,11,11,True,a4 a2 a7 a6 a1 a5 a0 a3
455,a0,1,0,0,True,a1 a3 a0 a5 a7 a6 a4 a2
456,a4,1,1,1,True,a0 a4 a3 a2 a5 a1 a7 a6
457,a6,1,1,1,True,a3 a0 a5 a1 a6 a7 a4 a2
458,a2,2,10,10,True,a3 a5 a6 a1 a4 a2 a7 a0
459,a3,2,01,01,True,a6 a5 a2 a3 a7 a4 a1 a0
460,a4,1,1,1,True,a2 a4 a7 a0 a3 a5 a6 a1
461,a1,2,01,01,True,a2 a7 a4 a0 a3 a5 a1 a6
462,a3,2,11,11,True,a2 a6 a7 a3 a0 a4 a1 a5
463,a5,3,001,001,True,a2 a6 a3 a7 a1 a4 a0 a5
464,a6,3,101,101,True,a4 a5 a7 a1 a0 a2 a3 a6
465,a5,2,11,11,True,a3 a1 a6 a5 a2 a7 a0 a4
466,a7,1,0,0,True,a4 a7 a6 a3 a2 a5 a0 a1
467,a1,3,011,011,True,a6 a5 a2 a0 a3 a7 a4 a1
468,a4,2,01,01,True,a1 a3 a0 a4 a2 a6 a7 a5
469,a4,2,11,11,True,a1 a3 a2 a0 a7 a4 a6 a5
470,a1,0,,,True,a1 a4 a2 a5 a0 a3 a7 a6
471,a7,2,00,00,True,a5 a1 a6 a7 a3 a2 a4 a0
472,a1,1,1,1,True,a6 a7 a0 a5 a1 a4 a2 a3
473,a0,1,1,1,True,a1 a0 a4 a2 a5 a7 a6 a3
474,a6,1,0,0,True,a1 a6 a3 a4 a0 a5 a2 a7
475,a6,1,1,1,True,a1 a5 a2 a3 a6 a4 a7 a0
476,a5,0,,,True,a5 a1 a4 a7 a2 a0 a6 a3
477,a3,3,110,110,True,a6 a2 a7 a0 a1 a5 a4 a3
478,a4,2,01,01,True,a2 a0 a3 a4 a5 a7 a1 a6
479,a5,1,1,1,True,a3 a6 a5 a2 a0 a4 a1 a7
480,a7,2,01,01,True,a2 a0 a6 a5 a1 a3 a7 a4
481,a5,1,1,1,True,a0 a5 a6 a7 a2 a4 a1 a3
482,a0,3,100,100,True,a3 a7 a1 a4 a2 a6 a5 a0
483,a4,0,,,True,a4 a6 a0 a7 a5 a2 a3 a1
484,a5,0,,,True,a5 a6 a3 a1 a4 a7 a2 a0
485,a1,1,1,1,True,a7 a6 a0 a4 a1 a3 a2 a5
486,a5,2,10,10,True,a3 a1 a2 a4 a0 a5 a6 a7
487,a3,1,1,1,True,a6 a0 a3 a4 a7 a1 a2 a5
488,a7,1,1,1,True,a5 a7 a6 a1 a0 a2 a4 a3
489,a7,1,1,1,True,a2 a7 a3 a4 a1 a0 a6 a5
490,a5,1,0,0,True,a3 a5 a2 a4 a0 a1 a6 a7
491,a6,0,,,True,a6 a5 a2 a1 a7 a0 a4 a3
492,a2,1,0,0,True,a5 a2 a6 a4 a1 a7 a3 a0
493,a1,1,1,1,True,a4 a5 a1 a7 a0 a6 a2 a3
494,a4,3,101,101,True,a1 a5 a0 a3 a2 a7 a6 a4
495,a5,1,1,1,True,a6 a5 a1 a3 a7 a4 a2 a0
496,a7,2,10,10,True,a0 a5 a3 a7 a2 a6 a4 a1
497,a6,1,0,0,True,a1 a6 a5 a4 a0 a3 a7 a2
498,a5,2,11,11,True,a0 a1 a3 a2 a7 a6 a5 a4
499,a5,1,0,0,True,a3 a5 a7 a0 a2 a1 a6 a4
500,a3,1,1,1,True,a5 a3 a4 a1 a0 a2 a7 a6
501,a4,1,1,1,True,a6 a1 a2 a3 a4 a5 a7 a0
502,a7,2,10,10,True,a4 a0 a1 a2 a5 a6 a7 a3
503,a4,2,01,01,True,a7 a1 a2 a5 a6 a4 a0 a3
504,a4,2,10,10,True,a5 a3 a7 a4 a0 a2 a1 a6
505,a2,2,11,11,True,a1 a6 a3 a2 a7 a4 a5 a0
506,a0,2,10,10,True,a6 a2 a4 a7 a1 a3 a0 a5
507,a0,0,,,True,a0 a7 a1 a2 a3 a5 a4 a6
508,a3,2,01,01,True,a5 a7 a2 a0 a4 a3 a6 a1
509,a2,1,1,1,True,a6 a3 a2 a4 a5 a7 a1 a0
510,a4,0,,,True,a4 a7 a6 a5 a1 a3 a2 a0
511,a2,2,01,01,True,a5 a6 a0 a4 a3 a2 a1 a7
512,a2,0,,,True,a2 a0 a5 a3 a6 a7 a4 a1
513,a4,2,11,11,True,a5 a1 a7 a3 a2 a0 a4 a6
514,a1,3,001,001,True,a4 a2 a7 a0 a5 a3 a6 a1
515,a1,1,1,1,True,a7 a5 a4 a6 a1 a2 a0 a3
516,a5,1,0,0,True,a6 a5 a0 a4 a1 a2 a3 a7
517,a7,2,11,11,True,a5 a6 a3 a2 a0 a7 a1 a4
518,a3,2,10,10,True,a0 a1 a7 a3 a5 a6 a2 a4
519,a7,1,0,0,True,a3 a7 a4 a6 a1 a0 a2 a5
520,a3,1,1,1,True,a7 a3 a2 a1 a5 a6 a4 a0
521,a7,1,1,1,True,a4 a7 a2 a0 a6 a3 a1 a5
522,a5,2,01,01,True,a3 a4 a1 a6 a0 a2 a5 a7
523,a4,2,11,11,True,a0 a5 a2 a6 a1 a7 a4 a3
524,a2,1,0,0,True,a7 a5 a6 a3 a2 a0 a1 a4
525,a0,3,011,011,True,a7 a2 a3 a1 a6 a5 a4 a0
526,a5,0,,,True,a5 a6 a7 a1 a2 a3 a0 a4
527,a6,1,0,0,True,a4 a6 a3 a5 a0 a7 a2 a1
528,a6,2,11,11,True,a2 a1 a5 a6 a3 a0 a7 a4
529,a6,0,,,True,a6 a0 a4 a3 a2 a7 a1 a5
530,a4,2,10,10,True,a2 a7 a0 a4 a6 a5 a1 a3
531,a3,0,,,True,a3 a7 a0 a1 a5 a4 a2 a6
532,a3,0,,,True,a3 a6 a7 a4 a2 a5 a0 a1
533,a1,1,0,0,True,a5 a7 a2 a3 a1 a0 a6 a4
534,a4,1,1,1,True,a6 a4 a1 a5 a0 a3 a7 a2
535,a1,3,101,101,True,a5 a6 a2 a7 a3 a0 a4 a1
536,a3,3,110,110,True,a0 a5 a2 a6 a7 a1 a4 a3
537,a6,2,01,01,True,a2 a5 a3 a7 a1 a6 a0 a4
538,a7,3,101,101,True,a2 a0 a4 a5 a6 a3 a1 a7
539,a7,3,110,110,True,a4 a3 a0 a6 a1 a5 a2 a7
540,a5,1,0,0,True,a6 a7 a4 a3 a5 a2 a0 a1
541,a0,2,11,11,True,a7 a4 a3 a1 a5 a2 a0 a6
542,a4,1,0,0,True,a7 a4 a3 a0 a5 a2 a6 a1
543,a4,3,111,111,True,a7 a6 a3 a5 a0 a1 a2 a4
544,a3,0,,,True,a3 a7 a2 a5 a4 a6 a1 a0
545,a3,0,,,True,a3 a4 a0 a1 a5 a7 a2 a6
546,a5,2,00,00,True,a1 a0 a2 a6 a7 a5 a3 a4
547,a5,3,110,110,True,a0 a6 a4 a3 a7 a2 a1 a5
548,a6,1,1,1,True,a1 a6 a0 a5 a2 a3 a4 a7
549,a0,1,1,1,True,a3 a5 a0 a4 a2 a7 a6 a1
550,a1,1,1,1,True,a6 a1 a0 a3 a4 a7 a5 a2
551,a3,1,0,0,True,a5 a4 a2 a1 a3 a0 a7 a6
552,a7,2,01,01,True,a2 a6 a4 a3 a0 a5 a7 a1
553,a3,1,1,1,True,a1 a4 a3 a7 a2 a0 a5 a6
554,a5,2,01,01,True,a0 a3 a7 a5 a6 a4 a2 a1
555,a4,2,11,11,True,a3 a6 a0 a4 a1 a5 a2 a7
556,a3,1,0,0,True,a6 a3 a0 a4 a2 a5 a1 a7
557,a2,1,0,0,True,a3 a1 a0 a4 a2 a6 a5 a7
558,a1,3,110,110,True,a0 a5 a4 a3 a6 a7 a2 a1
559,a7,0,,,True,a7 a1 a3 a5 a4 a6 a2 a0
560,a5,1,1,1,True,a0 a5 a2 a7 a3 a4 a6 a1
561,a7,3,110,110,True,a3 a0 a4 a2 a6 a1 a5 a7
562,a6,3,011,011,True,a7 a2 a3 a4 a5 a0 a1 a6
563,a3,1,0,0,True,a6 a7 a3 a1 a2 a0 a5 a4
564,a6,1,1,1,True,a4 a0 a6 a2 a7 a1 a5 a3
565,a7,2,11,11,True,a5 a0 a2 a4 a3 a7 a6 a1
566,a1,0,,,True,a1 a2 a5 a6 a4 a7 a0 a3
567,a3,2,00,00,True,a1 a5 a6 a2 a7 a3 a0 a4
568,a5,3,110,110,True,a0 a1 a3 a2 a7 a6 a4 a5
569,a4,1,1,1,True,a7 a0 a4 a6 a5 a2 a3 a1
570,a7,2,11,11,True,a2 a6 a0 a7 a3 a5 a1 a4
571,a5,1,0,0,True,a7 a1 a6 a4 a5 a0 a2 a3
572,a4,2,01,01,True,a0 a3 a2 a7 a5 a6 a4 a1
573,a2,2,10,10,True,a3 a0 a4 a2 a7 a6 a1 a5
574,a0,1,1,1,True,a4 a0 a7 a6 a5 a3 a2 a1
575,a2,1,1,1,True,a7 a5 a2 a0 a4 a3 a1 a6
576,a3,2,10,10,True,a5 a6 a2 a3 a4 a0 a1 a7
577,a5,1,0,0,True,a4 a6 a5 a7 a0 a1 a3 a2
578,a5,2,11,11,True,a2 a6 a3 a1 a4 a0 a5 a7
579,a2,1,0,0,True,a3 a6 a7 a1 a2 a0 a4 a5
580,a2,1,1,1,True,a4 a6 a2 a3 a1 a7 a0 a5
581,a5,1,1,1,True,a6 a5 a0 a1 a2 a4 a3 a7
582,a1,1,1,1,True,a3 a1 a7 a0 a4 a6 a2 a5
583,a2,2,00,00,True,a4 a0 a7 a6 a5 a3 a2 a1
584,a7,1,1,1,True,a4 a0 a7 a6 a2 a1 a3 a5
585,a5,0,,,True,a5 a2 a7 a6 a4 a0 a3 a1
586,a7,1,1,1,True,a6 a1 a7 a3 a2 a5 a4 a0
587,a1,0,,,True,a1 a7 a2 a4 a5 a3 a6 a0
588,a4,1,0,0,True,a1 a4 a3 a2 a7 a5 a6 a0
589,a5,0,,,True,a5 a4 a3 a7 a0 a1 a6 a2
590,a2,3,111,111,True,a0 a3 a5 a4 a7 a1 a6 a2
591,a1,2,00,00,True,a0 a3 a6 a1 a4 a7 a2 a5
592,a5,2,11,11,True,a4 a0 a2 a5 a3 a6 a1 a7
593,a2,1,0,0,True,a3 a2 a0 a5 a6 a1 a7 a4
594,a6,2,11,11,True,a5 a0 a3 a4 a2 a1 a6 a7
595,a7,1,1,1,True,a3 a4 a1 a6 a7 a5 a2 a0
596,a4,2,00,00,True,a0 a7 a2 a5 a6 a4 a1 a3
597,a6,2,11,11,True,a2 a7 a5 a0 a4 a6 a1 a3
598,a3,1,0,0,True,a2 a5 a0 a1 a3 a4 a6 a7
599,a3,1,1,1,True,a1 a2 a5 a4 a3 a0 a7 a6
600,a0,2,11,11,True,a3 a7 a6 a0 a2 a5 a4 a1
601,a3,3,001,001,True,a1 a0 a5 a6 a7 a2 a4 a3
602,a0,2,10,10,True,a5 a4 a6 a7 a1 a2 a0 a3
603,a4,2,11,11,True,a2 a7 a6 a5 a0 a4 a1 a3
604,a2,3,100,100,True,a6 a7 a0 a3 a4 a5 a1 a2
605,a5,1,1,1,True,a3 a5 a1 a7 a0 a4 a2 a6
606,a3,0,,,True,a3 a7 a2 a4 a0 a6 a1 a5
607,a0,0,,,True,a0 a4 a2 a1 a3 a6 a5 a7
608,a3,1,1,1,True,a1 a4 a5 a2 a3 a7 a6 a0
609,a1,1,0,0,True,a5 a1 a0 a2 a4 a7 a3 a6
610,a0,1,1,1,True,a7 a5 a4 a3 a0 a6 a2 a1
611,a5,1,1,1,True,a2 a3 a0 a1 a5 a4 a6 a7
612,a1,3,100,100,True,a5 a0 a7 a2 a4 a6 a3 a1
613,a3,1,1,1,True,a2 a3 a5 a1 a4 a7 a6 a0
614,a0,2,10,10,True,a7 a3 a6 a0 a1 a4 a2 a5
615,a3,1,1,1,True,a6 a4 a3 a5 a0 a2 a1 a7
616,a6,3,110,110,True,a5 a4 a0 a7 a3 a1 a2 a6
617,a7,2,01,01,True,a2 a0 a5 a4 a3 a7 a1 a6
618,a4,0,,,True,a4 a6 a2 a0 a5 a3 a1 a7
619,a5,2,10,10,True,a0 a1 a6 a2 a4 a5 a7 a3
620,a1,2,11,11,True,a7 a2 a6 a1 a5 a0 a4 a3
621,a0,1,1,1,True,a2 a5 a7 a1 a0 a3 a6 a4
622,a7,1,0,0,True,a1 a5 a2 a3 a7 a4 a0 a6
623,a1,3,011,011,True,a0 a7 a5 a3 a2 a4 a6 a1
624,a6,3,011,011,True,a4 a1 a2 a3 a5 a7 a0 a6
625,a2,3,100,100,True,a7 a0 a4 a5 a6 a1 a3 a2
626,a4,1,1,1,True,a2 a6 a4 a3 a7 a1 a0 a5
627,a6,3,101,101,True,a0 a1 a7 a2 a4 a5 a3 a6
628,a4,1,1,1,True,a2 a7 a5 a1 a4 a6 a0 a3
629,a2,2,10,10,True,a5 a0 a4 a2 a7 a1 a6 a3
630,a1,1,0,0,True,a3 a0 a1 a5 a2 a6 a4 a7
631,a5,1,1,1,True,a3 a7 a4 a2 a5 a1 a6 a0
632,a6,1,1,1,True,a2 a6 a1 a4 a7 a0 a3 a5
633,a6,2,01,01,True,a2 a4 a1 a6 a7 a5 a0 a3
634,a3,2,11,11,True,a2 a4 a0 a1 a7 a3 a5 a6
635,a6,1,0,0,True,a7 a6 a5 a2 a1 a0 a3 a4
636,a7,2,01,01,True,a4 a3 a6 a7 a0 a5 a2 a1
637,a7,2,10,10,True,a1 a2 a4 a5 a6 a7 a3 a0
638,a3,0,,,True,a3 a2 a6 a1 a4 a7 a5 a0
639,a5,2,11,11,True,a0 a2 a3 a5 a7 a1 a6 a4
640,a6,1,1,1,True,a2 a3 a4 a1 a6 a0 a5 a7
641,a1,1,0,0,True,a5 a3 a1 a0 a2 a7 a4 a6
642,a4,2,01,01,True,a1 a5 a3 a0 a6 a2 a4 a7
643,a4,2,10,10,True,a1 a5 a6 a4 a0 a3 a7 a2
644,a7,0,,,True,a7 a1 a3 a0 a2 a6 a4 a5
645,a4,1,1,1,True,a1 a2 a4 a0 a7 a6 a5 a3
646,a7,2,11,11,True,a4 a3 a6 a2 a5 a7 a1 a0
647,a5,1,0,0,True,a7 a4 a5 a2 a3 a1 a6 a0
648,a1,2,01,01,True,a0 a5 a4 a1 a6 a2 a3 a7
649,a3,3,101,101,True,a7 a0 a5 a4 a2 a6 a1 a3
650,a5,3,110,110,True,a1 a7 a3 a0 a2 a4 a6 a5
651,a6,1,1,1,True,a3 a0 a6 a2 a4 a5 a1 a7
652,a6,2,10,10,True,a3 a5 a7 a2 a4 a6 a1 a0
653,a6,3,011,011,True,a3 a5 a7 a1 a2 a4 a0 a6
654,a7,1,0,0,True,a2 a4 a1 a5 a7 a0 a3 a6
655,a1,1,1,1,True,a2 a4 a7 a5 a1 a0 a6 a3
656,a7,1,1,1,True,a4 a5 a0 a3 a7 a6 a1 a2
657,a4,1,1,1,True,a3 a6 a4 a1 a7 a0 a5 a2
658,a3,1,0,0,True,a5 a2 a4 a6 a3 a0 a7 a1
659,a3,2,01,01,True,a1 a5 a6 a3 a4 a7 a2 a0
660,a7,2,10,10,True,a2 a3 a6 a4 a5 a7 a0 a1
661,a3,2,11,11,True,a0 a1 a7 a3 a2 a6 a5 a4
662,a5,0,,,True,a5 a1 a2 a6 a4 a0 a3 a7
663,a4,1,1,1,True,a6 a3 a4 a2 a0 a1 a5 a7
664,a4,1,0,0,True,a0 a6 a1 a2 a4 a7 a3 a5
665,a6,1,0,0,True,a1 a2 a3 a7 a6 a5 a0 a4
666,a6,0,,,True,a6 a7 a0 a5 a3 a2 a4 a1
667,a6,1,1,1,True,a3 a5 a4 a0 a6 a2 a1 a7
668,a4,2,10,10,True,a7 a3 a0 a4 a2 a6 a1 a5
669,a1,1,1,1,True,a3 a1 a4 a5 a0 a7 a2 a6
670,a1,2,11,11,True,a2 a7 a6 a1 a3 a0 a4 a5
671,a1,2,00,00,True,a4 a5 a3 a6 a2 a7 a1 a0
672,a4,1,1,1,True,a0 a4 a7 a6 a2 a1 a5 a3
673,a2,1,1,1,True,a1 a6 a2 a4 a5 a0 a7 a3
674,a6,1,0,0,True,a4 a6 a3 a7 a2 a1 a5 a0
675,a2,1,1,1,True,a7 a3 a5 a1 a2 a6 a0 a4
676,a2,2,11,11,True,a3 a7 a5 a4 a1 a2 a6 a0
677,a1,1,0,0,True,a6 a0 a7 a4 a1 a2 a5 a3
678,a3,1,0,0,True,a7 a6 a2 a4 a3 a1 a0 a5
679,a4,1,1,1,True,a0 a3 a4 a1 a7 a6 a2 a5
680,a5,3,101,101,True,a3 a0 a2 a4 a1 a6 a7 a5
681,a7,1,1,1,True,a4 a5 a7 a0 a1 a2 a6 a3
682,a7,1,1,1,True,a5 a4 a2 a6 a7 a1 a0 a3
683,a4,1,0,0,True,a6 a4 a2 a3 a1 a5 a7 a0
684,a7,1,0,0,True,a2 a1 a6 a4 a7 a5 a0 a3
685,a7,2,11,11,True,a0 a4 a5 a2 a1 a7 a3 a6
686,a5,2,01,01,True,a1 a0 a6 a5 a7 a4 a3 a2
687,a4,2,11,11,True,a0 a6 a2 a3 a7 a4 a5 a1
688,a6,1,0,0,True,a5 a6 a4 a7 a3 a2 a0 a1
689,a3,2,01,01,True,a7 a5 a1 a6 a2 a0 a3 a4
690,a5,1,1,1,True,a1 a0 a4 a3 a5 a7 a6 a2
691,a0,2,01,01,True,a3 a6 a2 a0 a7 a5 a4 a1
692,a3,2,11,11,True,a5 a7 a2 a4 a0 a3 a6 a1
693,a3,2,00,00,True,a0 a5 a1 a3 a6 a4 a7 a2
694,a7,1,1,1,True,a4 a7 a0 a2 a1 a5 a6 a3
695,a5,1,1,1,True,a1 a2 a5 a7 a4 a3 a6 a0
696,a0,0,,,True,a0 a4 a2 a7 a6 a5 a1 a3
697,a2,3,011,011,True,a6 a0 a1 a3 a5 a7 a4 a2
698,a5,1,1,1,True,a2 a5 a0 a4 a7 a3 a1 a6
699,a1,2,00,00,True,a7 a2 a3 a5 a6 a4 a1 a0
700,a2,1,1,1,True,a6 a0 a3 a5 a2 a7 a4 a1
701,a7,0,,,True,a7 a3 a1 a5 a0 a6 a2 a4
702,a7,2,10,10,True,a6 a2 a3 a7 a0 a4 a1 a5
703,a4,0,,,True,a4 a1 a7 a0 a2 a5 a6 a3
704,a1,2,11,11,True,a4 a0 a7 a2 a6 a5 a1 a3
705,a6,3,100,100,True,a3 a1 a0 a5 a7 a2 a4 a6
706,a2,2,11,11,True,a1 a4 a3 a0 a5 a6 a2 a7
707,a0,1,0,0,True,a5 a1 a3 a6 a0 a4 a2 a7
708,a6,1,1,1,True,a2 a1 a5 a3 a6 a7 a0 a4
709,a1,2,11,11,True,a0 a7 a6 a4 a3 a1 a2 a5
710,a1,2,00,00,True,a0 a7 a4 a1 a2 a3 a5 a6
711,a2,0,,,True,a2 a4 a1 a3 a6 a5 a0 a7
712,a4,2,11,11,True,a7 a1 a5 a6 a2 a4 a3 a0
713,a0,1,0,0,True,a5 a0 a1 a7 a6 a2 a3 a4
714,a5,2,11,11,True,a7 a1 a6 a5 a2 a3 a0 a4
715,a3,1,1,1,True,a7 a3 a0 a4 a5 a6 a1 a2
716,a2,1,0,0,True,a6 a7 a1 a0 a2 a3 a4 a5
717,a6,3,011,011,True,a5 a1 a2 a4 a7 a3 a0 a6
718,a7,1,0,0,True,a0 a3 a7 a4 a2 a5 a6 a1
719,a4,0,,,True,a4 a7 a1 a6 a3 a0 a5 a2
720,a0,0,,,True,a0 a1 a3 a2 a4 a6 a5 a7
721,a3,1,1,1,True,a6 a2 a3 a7 a1 a5 a4 a0
722,a2,1,1,1,True,a4 a5 a2 a7 a0 a6 a3 a1
723,a4,1,1,1,True,a1 a7 a4 a6 a5 a0 a3 a2
724,a1,3,001,001,True,a2 a5 a6 a3 a0 a4 a7 a1
725,a0,1,1,1,True,a4 a0 a1 a7 a3 a2 a6 a5
726,a7,0,,,True,a7 a6 a3 a2 a4 a1 a0 a5
727,a3,1,0,0,True,a6 a1 a3 a5 a0 a7 a4 a2
728,a4,2,11,11,True,a1 a7 a6 a0 a2 a4 a5 a3
729,a3,2,10,10,True,a0 a2 a6 a5 a7 a1 a3 a4
730,a2,3,011,011,True,a5 a6 a3 a0 a7 a1 a4 a2
731,a3,3,011,011,True,a6 a5 a2 a0 a7 a1 a4 a3
732,a6,3,100,100,True,a4 a3 a7 a0 a5 a2 a1 a6
733,a4,2,11,11,True,a0 a3 a6 a5 a7 a4 a2 a1
734,a5,2,01,01,True,a4 a0 a2 a7 a1 a5 a3 a6
735,a1,2,11,11,True,a0 a5 a4 a2 a3 a7 a1 a6
736,a0,3,001,001,True,a4 a2 a3 a6 a5 a1 a7 a0
737,a0,1,1,1,True,a6 a1 a0 a5 a3 a2 a4 a7
738,a4,1,0,0,True,a3 a1 a2 a0 a4 a6 a5 a7
739,a2,2,11,11,True,a0 a1 a6 a4 a7 a5 a2 a3
740,a0,2,10,10,True,a7 a1 a2 a0 a4 a3 a5 a6
741,a6,2,01,01,True,a3 a0 a2 a1 a5 a7 a6 a4
742,a6,2,10,10,True,a2 a3 a7 a0 a5 a6 a1 a4
743,a3,1,1,1,True,a5 a7 a4 a0 a3 a1 a6 a2
744,a6,3,110,110,True,a3 a1 a7 a4 a5 a0 a2 a6
745,a3,2,01,01,True,a4 a5 a0 a6 a1 a7 a3 a2
746,a2,0,,,True,a2 a0 a4 a6 a7 a5 a3 a1
747,a4,2,10,10,True,a1 a2 a7 a3 a5 a4 a6 a0
748,a3,2,11,11,True,a5 a1 a6 a4 a7 a2 a3 a0
749,a4,1,1,1,True,a2 a3 a4 a0 a6 a7 a1 a5
750,a5,2,00,00,True,a0 a7 a4 a2 a3 a5 a6 a1
751,a6,2,11,11,True,a1 a3 a0 a7 a5 a2 a6 a4
752,a0,3,011,011,True,a6 a5 a2 a4 a1 a7 a3 a0
753,a6,1,1,1,True,a0 a6 a1 a2 a4 a7 a3 a5
754,a0,2,00,00,True,a2 a3 a6 a1 a7 a0 a5 a4
755,a6,1,1,1,True,a0 a5 a1 a3 a6 a2 a4 a7
756,a4,1,1,1,True,a3 a1 a4 a2 a6 a0 a5 a7
757,a0,3,011,011,True,a3 a1 a7 a5 a6 a2 a4 a0
758,a1,0,,,True,a1 a4 a7 a5 a3 a2 a0 a6
759,a5,1,1,1,True,a6 a0 a2 a4 a5 a3 a1 a7
760,a3,2,00,00,True,a7 a5 a0 a3 a1 a2 a4 a6
761,a5,2,11,11,True,a6 a1 a2 a3 a0 a5 a4 a7
762,a6,1,0,0,True,a2 a6 a3 a7 a0 a4 a1 a5
763,a1,3,111,111,True,a0 a4 a3 a5 a2 a7 a6 a1
764,a2,2,00,00,True,a7 a5 a1 a2 a4 a6 a3 a0
765,a2,2,11,11,True,a4 a1 a6 a2 a5 a0 a3 a7
766,a5,1,0,0,True,a6 a2 a7 a0 a5 a3 a4 a1
767,a2,3,111,111,True,a5 a1 a0 a3 a4 a7 a6 a2
768,a0,1,0,0,True,a7 a0 a1 a6 a2 a4 a3 a5
769,a3,2,01,01,True,a5 a2 a0 a6 a4 a3 a7 a1
770,a3,3,101,101,True,a2 a4 a7 a6 a1 a5 a0 a3
771,a1,1,1,1,True,a6 a1 a7 a5 a4 a3 a2 a0
772,a6,0,,,True,a6 a2 a7 a4 a3 a1 a5 a0
773,a0,1,1,1,True,a3 a0 a2 a1 a5 a6 a4 a7
774,a1,0,,,True,a1 a4 a7 a3 a2 a0 a6 a5
775,a1,0,,,True,a1 a7 a0 a3 a2 a5 a4 a6
776,a5,2,00,00,True,a1 a3 a0 a5 a6 a7 a2 a4
777,a2,1,1,1,True,a7 a6 a2 a0 a5 a3 a4 a1
778,a6,1,1,1,True,a1 a7 a6 a4 a2 a5 a3 a0
779,a2,2,01,01,True,a3 a4 a6 a0 a5 a1 a2 a7
780,a0,3,110,110,True,a4 a6 a2 a5 a1 a7 a3 a0
781,a6,2,01,01,True,a1 a2 a0 a6 a4 a7 a5 a3
782,a5,1,1,1,True,a6 a0 a5 a1 a7 a3 a2 a4
783,a0,2,01,01,True,a6 a2 a7 a3 a5 a4 a0 a1
784,a2,3,110,110,True,a3 a1 a0 a5 a7 a6 a4 a2
785,a6,2,01,01,True,a5 a0 a3 a2 a4 a6 a1 a7
786,a7,2,10,10,True,a4 a3 a0 a1 a6 a7 a5 a2
787,a4,2,11,11,True,a6 a2 a3 a4 a0 a7 a5 a1
788,a6,2,10,10,True,a1 a7 a3 a2 a5 a0 a6 a4
789,a6,2,01,01,True,a1 a2 a0 a5 a7 a6 a3 a4
790,a3,1,1,1,True,a1 a3 a2 a6 a5 a4 a0 a7
791,a6,1,0,0,True,a3 a6 a1 a2 a5 a4 a0 a7
792,a3,1,1,1,True,a6 a3 a2 a4 a0 a7 a5 a1
793,a1,2,11,11,True,a0 a5 a3 a2 a6 a1 a4 a7
794,a4,2,00,00,True,a0 a7 a1 a2 a3 a4 a5 a6
795,a7,1,1,1,True,a6 a7 a5 a3 a0 a2 a1 a4
796,a0,3,101,101,True,a5 a6 a4 a1 a7 a2 a3 a0
797,a3,1,1,1,True,a0 a7 a3 a6 a1 a4 a5 a2
798,a1,1,1,1,True,a4 a3 a6 a7 a1 a2 a0 a5
799,a7,2,00,00,True,a1 a0 a6 a5 a2 a7 a3 a4
800,a1,1,1,1,True,a5 a1 a4 a2 a6 a0 a3 a7
801,a2,2,10,10,True,a4 a0 a7 a6 a3 a1 a2 a5
802,a5,2,11,11,True,a2 a4 a1 a5 a7 a0 a6 a3
803,a5,2,10,10,True,a2 a0 a3 a4 a7 a1 a5 a6
804,a2,3,011,011,True,a3 a5 a6 a0 a4 a7 a1 a2
805,a7,2,01,01,True,a0 a6 a5 a4 a2 a3 a7 a1
806,a3,1,1,1,True,a2 a0 a1 a5 a3 a7 a6 a4
807,a7,2,10,10,True,a2 a4 a3 a5 a1 a7 a0 a6
808,a7,1,0,0,True,a0 a1 a7 a4 a6 a3 a2 a5
809,a5,2,11,11,True,a1 a3 a0 a5 a4 a7 a2 a6
810,a1,2,01,01,True,a0 a5 a4 a2 a6 a1 a3 a7
811,a0,3,110,110,True,a2 a7 a4 a5 a6 a3 a1 a0
812,a2,1,0,0,True,a6 a2 a7 a0 a4 a1 a5 a3
813,a3,1,1,1,True,a5 a3 a4 a1 a6 a2 a0 a7
814,a6,1,1,1,True,a4 a2 a6 a0 a5 a7 a1 a3
815,a2,1,0,0,True,a7 a3 a2 a4 a0 a6 a1 a5
816,a1,1,1,1,True,a7 a5 a1 a6 a4 a2 a3 a0
817,a6,2,11,11,True,a1 a7 a4 a0 a2 a5 a6 a3
818,a4,0,,,True,a4 a3 a5 a6 a2 a0 a7 a1
819,a3,2,00,00,True,a5 a6 a7 a2 a1 a3 a0 a4
820,a5,2,11,11,True,a2 a3 a7 a5 a1 a0 a4 a6
821,a1,3,011,011,True,a7 a2 a4 a0 a6 a5 a3 a1
822,a5,3,100,100,True,a3 a2 a6 a0 a1 a4 a7 a5
823,a5,2,11,11,True,a2 a1 a7 a4 a6 a5 a0 a3
824,a0,1,0,0,True,a3 a4 a0 a6 a5 a2 a1 a7
825,a2,2,11,11,True,a0 a6 a4 a2 a3 a7 a5 a1
826,a0,2,10,10,True,a1 a7 a6 a2 a3 a5 a0 a4
827,a3,1,0,0,True,a4 a7 a3 a0 a2 a6 a1 a5
828,a6,1,1,1,True,a0 a3 a6 a5 a1 a4 a7 a2
829,a1,1,1,1,True,a6 a0 a1 a3 a2 a5 a7 a4
830,a3,2,01,01,True,a5 a2 a1 a0 a7 a3 a4 a6
831,a0,1,1,1,True,a7 a4 a0 a2 a3 a6 a5 a1
832,a3,3,100,100,True,a2 a0 a4 a6 a7 a1 a5 a3
833,a3,1,1,1,True,a6 a2 a1 a4 a3 a5 a7 a0
834,a5,0,,,True,a5 a4 a3 a6 a0 a7 a2 a1
835,a1,3,101,101,True,a4 a0 a5 a2 a7 a3 a6 a1
836,a0,2,11,11,True,a2 a1 a7 a6 a3 a4 a0 a5
837,a6,2,00,00,True,a7 a0 a5 a6 a1 a2 a3 a4
838,a1,2,11,11,True,a5 a3 a6 a2 a7 a1 a0 a4
839,a3,3,011,011,True,a6 a5 a2 a1 a0 a7 a4 a3
840,a2,2,10,10,True,a3 a6 a4 a0 a1 a2 a5 a7
841,a2,1,0,0,True,a0 a2 a4 a1 a3 a7 a5 a6
842,a7,2,11,11,True,a5 a2 a3 a7 a0 a1 a4 a6
843,a1,2,01,01,True,a0 a5 a3 a1 a2 a6 a7 a4
844,a5,1,1,1,True,a4 a6 a5 a2 a1 a0 a3 a7
845,a6,2,10,10,True,a0 a5 a3 a7 a4 a6 a1 a2
846,a7,2,01,01,True,a2 a3 a5 a7 a4 a1 a0 a6
847,a4,2,10,10,True,a5 a1 a7 a0 a2 a4 a3 a6
848,a5,2,11,11,True,a0 a7 a6 a4 a1 a2 a5 a3
849,a1,1,1,1,True,a6 a2 a1 a5 a0 a3 a7 a4
850,a5,3,001,001,True,a7 a4 a3 a0 a2 a1 a6 a5
851,a0,2,10,10,True,a3 a1 a5 a4 a7 a2 a0 a6
852,a1,1,1,1,True,a5 a2 a1 a4 a6 a7 a0 a3
853,a5,1,1,1,True,a3 a1 a7 a2 a5 a4 a0 a6
854,a5,1,1,1,True,a2 a0 a5 a1 a6 a3 a4 a7
855,a4,2,00,00,True,a0 a7 a1 a5 a2 a3 a4 a6
856,a4,1,1,1,True,a1 a6 a4 a2 a7 a3 a5 a0
857,a1,0,,,True,a1 a7 a6 a5 a0 a2 a3 a4
858,a6,2,10,10,True,a2 a3 a5 a4 a7 a0 a6 a1
859,a2,1,1,1,True,a6 a7 a2 a1 a3 a4 a5 a0
860,a3,1,1,1,True,a7 a2 a1 a4 a3 a5 a0 a6
861,a1,2,10,10,True,a3 a6 a4 a1 a0 a7 a5 a2
862,a5,2,01,01,True,a0 a4 a2 a5 a7 a3 a6 a1
863,a1,2,10,10,True,a6 a0 a2 a5 a4 a3 a1 a7
864,a5,3,111,111,True,a3 a2 a7 a4 a0 a1 a6 a5
865,a6,2,00,00,True,a3 a1 a2 a5 a7 a4 a6 a0
866,a3,1,1,1,True,a2 a1 a3 a7 a6 a5 a4 a0
867,a3,1,1,1,True,a6 a3 a0 a7 a1 a5 a4 a2
868,a4,2,01,01,True,a7 a3 a6 a4 a2 a0 a5 a1
869,a0,3,110,110,True,a2 a3 a7 a1 a4 a6 a5 a0
870,a4,1,0,0,True,a6 a1 a4 a7 a2 a3 a0 a5
871,a6,1,1,1,True,a7 a6 a3 a4 a1 a0 a2 a5
872,a1,2,10,10,True,a6 a3 a2 a7 a4 a0 a1 a5
873,a2,1,1,1,True,a5 a1 a3 a0 a2 a6 a4 a7
874,a6,3,110,110,True,a4 a5 a1 a2 a0 a7 a3 a6
875,a5,2,01,01,True,a6 a7 a0 a5 a3 a4 a2 a1
876,a3,1,1,1,True,a5 a7 a3 a6 a2 a1 a0 a4
877,a4,2,01,01,True,a6 a5 a2 a3 a0 a1 a4 a7
878,a5,1,1,1,True,a4 a5 a6 a0 a3 a2 a1 a7
879,a4,2,10,10,True,a2 a3 a7 a6 a0 a4 a5 a1
880,a4,2,01,01,True,a7 a1 a5 a2 a3 a0 a4 a6
881,a4,1,1,1,True,a6 a4 a7 a2 a0 a5 a3 a1
882,a4,1,0,0,True,a7 a0 a4 a5 a1 a3 a2 a6
883,a5,3,111,111,True,a6 a3 a2 a7 a1 a0 a4 a5
884,a0,3,001,001,True,a7 a4 a3 a1 a6 a2 a5 a0
885,a7,2,10,10,True,a3 a6 a2 a7 a4 a0 a5 a1
886,a5,2,11,11,True,a1 a7 a6 a2 a4 a5 a3 a0
887,a6,1,1,1,True,a4 a6 a7 a2 a1 a0 a5 a3
888,a1,1,0,0,True,a7 a1 a3 a5 a0 a2 a4 a6
889,a0,2,01,01,True,a6 a3 a1 a7 a2 a4 a0 a5
890,a4,1,1,1,True,a6 a1 a4 a5 a3 a7 a0 a2
891,a3,2,01,01,True,a2 a0 a4 a1 a6 a7 a3 a5
892,a6,2,11,11,True,a0 a4 a5 a2 a3 a7 a6 a1
893,a4,3,001,001,True,a6 a1 a3 a5 a0 a7 a2 a4
894,a7,1,1,1,True,a6 a7 a2 a3 a5 a1 a4 a0
895,a1,2,01,01,True,a6 a0 a5 a7 a4 a3 a1 a2
896,a2,2,11,11,True,a0 a5 a4 a1 a7 a6 a2 a3
897,a0,2,00,00,True,a7 a2 a3 a5 a4 a0 a1 a6
898,a7,2,11,11,True,a4 a3 a0 a1 a2 a7 a6 a5
899,a1,2,01,01,True,a3 a6 a4 a5 a7 a2 a1 a0
900,a4,1,1,1,True,a7 a3 a5 a2 a4 a0 a6 a1
901,a3,1,1,1,True,a0 a3 a2 a1 a4 a5 a6 a7
902,a0,2,00,00,True,a5 a6 a4 a1 a2 a0 a3 a7
903,a5,2,11,11,True,a6 a2 a3 a0 a7 a5 a4 a1
904,a1,1,0,0,True,a5 a7 a1 a6 a2 a3 a0 a4
905,a4,1,1,1,True,a7 a0 a2 a3 a4 a1 a5 a6
906,a2,2,11,11,True,a3 a1 a6 a7 a4 a2 a0 a5
907,a3,2,00,00,True,a6 a5 a2 a3 a1 a4 a0 a7
908,a4,0,,,True,a4 a3 a0 a2 a5 a6 a1 a7
909,a1,2,11,11,True,a2 a7 a0 a3 a6 a5 a1 a4
910,a6,2,01,01,True,a5 a4 a3 a6 a2 a0 a7 a1
911,a2,0,,,True,a2 a4 a1 a0 a5 a3 a6 a7
912,a4,1,1,1,True,a1 a4 a5 a7 a6 a3 a0 a2
913,a6,2,10,10,True,a0 a1 a3 a7 a2 a6 a4 a5
914,a0,1,0,0,True,a2 a7 a0 a1 a4 a6 a3 a5
915,a1,3,110,110,True,a0 a4 a2 a6 a7 a5 a3 a1
916,a1,2,11,11,True,a0 a6 a5 a4 a7 a2 a1 a3
917,a0,1,1,1,True,a1 a6 a3 a2 a0 a5 a7 a4
918,a4,3,001,001,True,a3 a0 a6 a5 a1 a7 a2 a4
919,a5,0,,,True,a5 a2 a0 a6 a3 a1 a7 a4
920,a4,2,10,10,True,a5 a6 a1 a0 a7 a4 a3 a2
921,a2,3,111,111,True,a6 a4 a1 a7 a5 a0 a3 a2
922,a7,2,00,00,True,a5 a0 a6 a1 a2 a4 a7 a3
923,a1,0,,,True,a1 a5 a7 a3 a6 a0 a4 a2
924,a4,0,,,True,a4 a5 a2 a0 a7 a1 a6 a3
925,a6,2,11,11,True,a5 a7 a1 a3 a2 a4 a6 a0
926,a5,2,01,01,True,a7 a3 a1 a2 a6 a0 a5 a4
927,a5,1,1,1,True,a2 a0 a4 a1 a5 a3 a6 a7
928,a3,2,10,10,True,a7 a5 a2 a6 a1 a3 a4 a0
929,a0,1,0,0,True,a7 a1 a0 a6 a4 a3 a2 a5
930,a3,2,11,11,True,a6 a4 a1 a5 a0 a3 a7 a2
931,a7,2,01,01,True,a6 a3 a5 a7 a0 a4 a1 a2
932,a0,1,1,1,True,a2 a6 a0 a7 a5 a1 a4 a3
933,a7,1,1,1,True,a5 a7 a1 a6 a0 a4 a3 a2
934,a7,1,0,0,True,a2 a5 a7 a6 a3 a1 a0 a4
935,a6,1,0,0,True,a2 a6 a7 a3 a1 a4 a0 a5
936,a4,1,1,1,True,a6 a3 a4 a1 a2 a7 a0 a5
937,a0,1,1,1,True,a5 a2 a3 a7 a0 a1 a6 a4
938,a4,1,0,0,True,a7 a4 a3 a6 a1 a0 a2 a5
939,a0,2,11,11,True,a7 a5 a3 a0 a4 a6 a1 a2
940,a4,1,1,1,True,a0 a1 a4 a6 a3 a5 a7 a2
941,a1,2,00,00,True,a5 a6 a4 a7 a2 a3 a1 a0
942,a5,1,1,1,True,a6 a1 a5 a2 a7 a0 a4 a3
943,a4,3,101,101,True,a6 a3 a0 a2 a7 a5 a1 a4
944,a1,2,11,11,True,a6 a3 a4 a1 a0 a7 a5 a2
945,a4,0,,,True,a4 a5 a1 a0 a3 a6 a2 a7
946,a4,1,0,0,True,a0 a4 a7 a2 a5 a6 a1 a3
947,a3,3,011,011,True,a0 a7 a6 a5 a4 a2 a1 a3
948,a1,0,,,True,a1 a3 a5 a0 a2 a6 a4 a7
949,a6,2,01,01,True,a2 a1 a4 a7 a5 a6 a3 a0
950,a6,3,110,110,True,a3 a4 a5 a7 a2 a1 a0 a6
951,a3,2,01,01,True,a1 a7 a0 a2 a6 a3 a5 a4
952,a3,1,1,1,True,a0 a6 a7 a1 a3 a4 a2 a5
953,a0,1,0,0,True,a2 a1 a3 a6 a0 a4 a7 a5
954,a2,2,11,11,True,a4 a1 a7 a3 a6 a2 a0 a5
955,a2,0,,,True,a2 a6 a3 a5 a0 a7 a4 a1
956,a7,2,10,10,True,a2 a0 a1 a4 a6 a7 a3 a5
957,a3,0,,,True,a3 a5 a0 a2 a1 a4 a6 a7
958,a4,0,,,True,a4 a2 a1 a0 a7 a3 a5 a6
959,a3,1,0,0,True,a1 a4 a3 a6 a7 a0 a2 a5
960,a5,1,1,1,True,a1 a2 a5 a3 a4 a6 a7 a0
961,a1,3,101,101,True,a0 a5 a7 a6 a4 a2 a3 a1
962,a5,2,11,11,True,a3 a7 a6 a4 a2 a0 a5 a1
963,a0,3,001,001,True,a7 a6 a4 a2 a1 a3 a5 a0
964,a1,2,10,10,True,a7 a6 a5 a2 a0 a4 a1 a3
965,a7,3,111,111,True,a3 a5 a0 a2 a4 a1 a6 a7
966,a1,2,11,11,True,a2 a6 a4 a7 a3 a0 a1 a5
967,a5,0,,,True,a5 a2 a1 a7 a6 a3 a4 a0
968,a5,0,,,True,a5 a0 a1 a4 a7 a6 a3 a2
969,a7,1,0,0,True,a4 a1 a7 a5 a6 a3 a0 a2
970,a2,2,01,01,True,a0 a7 a6 a2 a5 a3 a4 a1
971,a6,2,10,10,True,a3 a5 a0 a2 a7 a6 a1 a4
972,a1,1,1,1,True,a6 a4 a0 a7 a1 a5 a3 a2
973,a6,1,1,1,True,a1 a3 a6 a7 a5 a0 a2 a4
974,a5,3,100,100,True,a4 a2 a7 a3 a6 a1 a0 a5
975,a2,0,,,True,a2 a6 a4 a1 a5 a7 a3 a0
976,a7,1,1,1,True,a1 a6 a4 a5 a7 a3 a0 a2
977,a1,3,101,101,True,a3 a7 a5 a4 a2 a6 a0 a1
978,a1,1,1,1,True,a4 a5 a1 a3 a0 a6 a2 a7
979,a5,2,10,10,True,a0 a1 a3 a7 a6 a4 a5 a2
980,a6,0,,,True,a6 a0 a3 a4 a5 a2 a7 a1
981,a3,2,01,01,True,a7 a2 a1 a5 a6 a4 a3 a0
982,a0,1,1,1,True,a6 a0 a5 a4 a1 a3 a2 a7
983,a2,2,01,01,True,a3 a1 a5 a2 a0 a6 a7 a4
984,a0,0,,,True,a0 a3 a6 a7 a5 a4 a1 a2
985,a5,2,11,11,True,a4 a0 a2 a6 a3 a7 a5 a1
986,a3,2,00,00,True,a2 a4 a0 a7 a6 a3 a5 a1
987,a0,1,1,1,True,a1 a0 a2 a4 a6 a7 a3 a5
988,a5,0,,,True,a5 a6 a7 a3 a0 a2 a1 a4
989,a1,1,1,1,True,a6 a4 a3 a2 a1 a7 a0 a5
990,a4,2,01,01,True,a7 a0 a2 a6 a3 a1 a4 a5
991,a4,1,1,1,True,a6 a5 a7 a1 a4 a0 a2 a3
992,a6,1,1,1,True,a4 a1 a6 a0 a3 a7 a2 a5
993,a4,2,00,00,True,a1 a7 a3 a5 a2 a0 a4 a6
994,a3,3,110,110,True,a6 a0 a4 a1 a2 a5 a7 a3
995,a7,0,,,True,a7 a1 a2 a6 a3 a4 a0 a5
996,a3,2,11,11,True,a2 a4 a7 a5 a0 a3 a6 a1
997,a2,1,1,1,True,a7 a2 a3 a5 a6 a4 a1 a0
998,a3,3,001,001,True,a0 a5 a4 a1 a7 a2 a6 a3
999,a4,1,1,1,True,a0 a1 a4 a7 a3 a2 a6 a5
